ingredients,measurement,aisle,recipe,video,
acorn squash,each,produce,,1,
acorn squash,weight,produce,,1,
active dry yeast,volume,baking,,,
ahi tuna,weight,seafood,,,
allspice,volume,baking,,,
allspice berries,volume,baking,,,
almond butter,volume,other,,,
almond butter,weight,other,,,
almond flour,weight,baking,,,
almond flour,volume,baking,,,
almond milk,volume,dairy,,,
almonds,weight,other,,,
almonds,volume,other,,,
amber beer,volume,other,,,
ancho chiles,volume,other,,,
ancho chiles,each,other,,,
anchovies,each,canned,,,
anchovy filet,each,canned,,,
andouille,weight,meat,,,
andouille sausage,weight,meat,,,
ap flour,volume,baking,,,
ap flour,weight,baking,,,
apple cider vinegar,volume,condiments,,,
apples,each,produce,,,
apricots,each,produce,,,
arrowroot flour,weight,baking,,1,
arrowroot flour,volume,baking,,,
artichoke hearts,volume,canned,,,
arugula,weight,produce,,,
arugula,volume,produce,,,
arugula pesto,volume,,1,,
asparagus,weight,produce,,1,
avocado,each,produce,,1,
avocados,each,produce,,1,
baby new potatoes,weight,produce,,,
bacon,weight,meat,,1,
bacon slices,each,meat,,1,
baguette,each,bakery,,,
baking powder,volume,baking,,,
baking soda,volume,baking,,,
balsamic,volume,condiments,,,
balsamic glaze,volume,,1,,
balsamic vinaigrette,volume,,1,,
balsamic vinegar,volume,condiments,,,
banana pepper,each,produce,,,
banana peppers,each,produce,,,
bananas,each,produce,,,
basil,weight,produce,,,
basil,volume,produce,,,
basil leaves,each,produce,,,
baslamic vinegar,volume,condiments,,,
bay leaf,each,baking,,,
bay leaves,each,baking,,,
bbq sauce,volume,condiments,,,
bechamel,volume,,1,,
beef,weight,meat,,,
beef bottom round,weight,meat,,,
beef brisket,weight,meat,,,
beef fillet,weight,meat,,,
beef stock,volume,canned,,1,
bibb lettuce leaves,each,produce,,,
bibb/butter lettuce,weight,produce,,,
bittersweet chocolate,weight,baking,,,
black beans,volume,canned,,,
black beans,weight,canned,,,
black eyed peas,volume,canned,,,
black olives,volume,condiments,,,
black pepper,volume,baking,,,
black peppercorns,volume,baking,,,
blackening spice,volume,baking,,,
blood oranges,each,produce,,,
blueberries,weight,produce,,,
blueberries,volume,produce,,,
boneless pork butt,weight,meat,,,
bowtie pasta,weight,other,,,
bran cereal,volume,other,,,
bread flour,volume,other,,,
bread flour,weight,baking,,,
breadcrumbs,volume,baking,,,
brisket,weight,meat,,,
broccoli,weight,produce,,,
broccolini,weight,produce,,,
brown mustard,volume,condiments,,,
brown rice,weight,other,,,
brown rice,volume,other,,,
brown sugar,volume,baking,,,
brown sugar,weight,baking,,,
brussels sprouts,weight,produce,,1,
buns,each,other,,,
buns (hawaiian sweet),each,other,,,
butter,weight,dairy,,,
butter,volume,dairy,,,
butter beans,volume,canned,,,
butter lettuce leaves,each,produce,,,
butter or ghee,volume,dairy,,,
butter or ghee,weight,dairy,,,
butter/bibb lettuce,each,produce,,,
butter/bibb lettuce,weight,produce,,,
butternut squash,weight,produce,,1,
butternut squash,each,produce,,1,
cabbage,weight,produce,,,
cajun seasoning,volume,baking,,,
cannelini beans,volume,canned,,,
cantaloupe,each,produce,,1,
cantaloupe,weight,produce,,1,
capers,volume,condiments,,,
carrot,weight,produce,,,
carrot,each,produce,,,
carrots,weight,produce,,,
carrots,each,produce,,,
cashew butter,weight,other,,,
cashew butter,volume,other,,,
cashews,volume,other,,,
cashews,weight,other,,,
cauliflower,weight,produce,,1,
cauliflower florets,weight,produce,,,
cauliflower heads,each,produce,,1,
cauliflower rice,volume,,1,,
cayenne,volume,baking,,,
cayenne pepper,volume,baking,,,
celery,weight,produce,,,
celery root,weight,produce,,,
celery seed,volume,baking,,,
celery stalk,each,produce,,,
celery stalks,each,produce,,,
champagne vinegar,volume,condiments,,,
cheddar,weight,dairy,,,
cheddar,volume,dairy,,,
cheddar cheese sauce (paleo),volume,,1,,
cheese tortellini,weight,other,,,
cherries,volume,produce,,,
cherries,weight,produce,,,
cherry or grape tomatoes,weight,produce,,,
cherry or grape tomatoes,volume,produce,,,
cherry tomatoes,weight,produce,,,
cherry tomatoes,volume,produce,,,
chick peas,volume,canned,,,
chicken,weight,meat,,,
chicken breast,weight,meat,,,
chicken broth,volume,canned,,,
chicken cutlets,weight,meat,,,
chicken stock,volume,canned,,1,
chicken thigh,weight,meat,,,
chicken thighs,weight,meat,,,
chile oil,volume,condiments,,,
chiles in adobo,volume,canned,,,
chili flake,volume,baking,,,
chili powder,volume,baking,,,
chipotles in adobo,volume,canned,,,
chipotles in adobo sauce,volume,canned,,,
chives,volume,produce,,,
chorizo,weight,meat,,,
chuck roast,weight,meat,,,
cider vinegar,volume,condiments,,,
cilantro,weight,produce,,,
cilantro,volume,produce,,,
cilantro cabbage slaw,volume,,1,,
cilantro cabbage slaw,weight,,1,,
cilantro leaves,volume,produce,,,
cinnamon,volume,baking,,,
cloves,volume,baking,,,
cocoa powder,weight,baking,,,
cocoa powder,volume,baking,,,
coconut aminos,volume,other,,,
coconut cream,volume,canned,,,
coconut flour,weight,baking,,,
coconut flour,volume,baking,,,
coconut milk,volume,canned,,,
coconut oil,volume,baking,,,
coconut sugar,weight,baking,,,
coconut sugar,volume,baking,,,
cod fillets,weight,seafood,,,
cold water,volume,,,,
collard greens,weight,produce,,,
coriander,volume,baking,,,
coriander seed,volume,baking,,,
corn (ears),each,produce,,,
corn kernals,volume,frozen,,,
corn tortillas,each,other,,,
corned beef,weight,meat,,,
corned beef brisket,weight,meat,,,
cornstarch,volume,baking,,,
cotija cheese,,dairy,,,
crab meat,weight,seafood,,,
cranberries,weight,other,,,
cream cheese,weight,dairy,,,
cream cheese,volume,dairy,,,
crimini mushrooms,weight,produce,,1,
crushed red pepper,volume,baking,,,
crushed tomatoes,volume,canned,,,
cucumber,each,produce,,1,
cucumbers,each,produce,,1,
cumin,volume,baking,,,
cumin seed,volume,baking,,,
dates,weight,other,,,
dates,each,other,,,
diced tomatoes,volume,canned,,,
dijon,volume,condiments,,,
dijon mustard,volume,condiments,,,
dill,volume,baking,,,
dill pickles,weight,condiments,,,
dill pickles,volume,condiments,,,
distilled white vinegar,volume,condiments,,,
dried cranberries,volume,other,,,
dried cranberries,weight,other,,,
dried oregano,volume,baking,,,
dry mustard,volume,baking,,,
dry white wine,volume,,,,
egg,each,dairy,,,
egg white,each,dairy,,1,
egg yolk,each,dairy,,1,
egg yolks,each,dairy,,1,
eggplant,weight,produce,,,
eggplant,each,produce,,,
eggs,each,dairy,,,
enchilada sauce,volume,,1,,
evolve paleo ketchup,volume,condiments,,,
evolve steak sauce,volume,condiments,,,
fennel,weight,produce,,,
fennel bulb,each,produce,,,
fennel bulbs,each,produce,,,
fennel seeds,volume,baking,,,
feta,weight,dairy,,,
feta cheese,weight,dairy,,,
figs,weight,other,,,
fish sauce,volume,condiments,,,
flax seed,weight,baking,,,
flax seed,volume,baking,,,
flour,volume,baking,,,
flour,weight,baking,,,
flour tortillas,each,other,,,
french baguette,each,bakery,,,
frozen  puff pastry,weight,frozen,,,
frozen artichoke hearts,weight,frozen,,,
frozen banana,weight,frozen,,,
frozen blueberries,weight,frozen,,,
frozen corn,weight,frozen,,,
frozen pearl onions,weight,frozen,,,
frozen puff pastry sheet,weight,frozen,,,
frozen raspberries,weight,frozen,,,
frozen spinach,weight,frozen,,,
frozen strawberries,weight,frozen,,,
garlic,weight,produce,,,
garlic,volume,produce,,,
garlic clove,each,produce,,1,
garlic cloves,each,produce,,1,
garlic powder,volume,baking,,,
gelatin,weight,baking,,,
ghee,volume,dairy,,,
ginger,weight,produce,,1,
goat cheese,weight,dairy,,,
golden raisins,weight,other,,,
golden raisins,volume,other,,,
graham crackers,each,other,,,
graham crackers,weight,other,,,
granola,volume,other,,,
granola,weight,other,,,
granulated garlic,volume,baking,,,
grape tomatoes,volume,produce,,,
grape tomatoes,weight,produce,,,
grapefruit,each,produce,,,
grapefruit zest,volume,produce,,,
grapefruits,each,produce,,,
grapes,volume,produce,,,
grapes,weight,produce,,,
grapeseed/olive oil,volume,baking,,,
greek vinaigrette,volume,,1,,
green beans,weight,produce,,,
green cabbage,weight,produce,,,
green chiles,volume,canned,,,
green olives,volume,condiments,,,
green onion,weight,produce,,,
green onions,weight,produce,,,
green papaya*,weight,produce,,,
green papaya*,each,produce,,,
ground beef,weight,meat,,,
ground beef or lamb,weight,meat,,,
ground chicken,weight,meat,,,
ground ginger,weight,baking,,,
ground lamb,weight,meat,,,
ground pork,weight,meat,,,
gruyere,weight,dairy,,,
guajillo peppers,each,other,,,
guajillo peppers,weight,other,,,
halibut (or other firm,weight,seafood,,,
ham,weight,meat,,,
hanger steak,weight,meat,,,
hard boiled eggs,each,dairy,,,
hard salami,weight,meat,,,
heavy cream,volume,dairy,,,
heirloom tomatoes,weight,produce,,,
honey,volume,condiments,,,
horseradish,volume,condiments,,,
hot sauce,volume,condiments,,,
hot sauce (frank's),volume,condiments,,,
ice,volume,,,,
italian sausage,weight,meat,,,
italian seasoning,volume,baking,,,
italian vinaigrette,volume,,1,,
jalapeno,each,produce,,,
jalapenos,each,produce,,,
japanese sweet potatoes,weight,produce,,,
japanese sweet potatoes,each,produce,,,
jicama,weight,produce,,,
jicama,each,produce,,,
juniper berries,volume,baking,,,
kalamata olives,volume,condiments,,,
kale,weight,produce,,,
kosher salt,volume,baking,,,
large diver scallops,weight,seafood,,,
large eggs,each,dairy,,,
lasagna noodles,weight,other,,,
leeks,each,produce,,,
lemon,each,produce,,,
lemon juice,volume,other,,,
lemon zest,volume,produce,,1,
lemongrass,weight,produce,,,
lemongrass,each,produce,,,
lemons,each,produce,,,
lentils,volume,other,,,
lentils,weight,other,,,
lettuce,weight,produce,,,
light brown sugar,volume,baking,,,
light brown sugar,weight,baking,,,
light corn syrup,volume,baking,,,
lime,each,produce,,,
lime juice,volume,produce,,,
lime zest,volume,produce,,1,
limes,each,produce,,,
linguini,weight,other,,,
littleneck clams,weight,seafood,,,
mango,each,produce,,,
maple syrup,volume,other,,,
marinara,volume,,1,,
marinara (see recipe),volume,,1,,
marsala wine,volume,other,,,
mashed sweet potatoes,weight,,1,,
mashed sweet potatoes,volume,,1,,
mayo,volume,condiments,,,
milk,volume,dairy,,,
mint,volume,produce,,,
mint,weight,produce,,,
mint leaves,each,produce,,,
mixed greens/spring mix,volume,produce,,,
mixed greens/spring mix,weight,produce,,,
mojo pork,weight,,1,,
molasses,volume,baking,,,
monterey jack,weight,dairy,,,
mozzarella,weight,dairy,,,
mozzarella pearls,weight,dairy,,,
mung bean sprouts,weight,produce,,,
mushrooms,weight,produce,,,
mustard,volume,condiments,,,
mustard greens,weight,produce,,,
mustard seeds,volume,baking,,,
napa cabbage,weight,produce,,,
nonfat dry milk,volume,baking,,,
nutmeg,volume,baking,,,
old bay seasoning,volume,baking,,,
olive oil,volume,baking,,,
olive tapenade,volume,condiments,,,
olives,volume,condiments,,,
onion,volume,produce,,,
onion,weight,produce,,,
onion powder,volume,baking,,,
onions,volume,produce,,,
onions,weight,produce,,,
orange,each,produce,,,
orange juice,volume,other,,,
orange zest,volume,produce,,1,
oregano,volume,baking,,,
oyster crackers,weight,other,,,
oyster crackers,volume,other,,,
paleo cheddar,volume,,1,,
paleo feta,volume,,1,,
paleo mayo,volume,condiments,,,
paleo sour cream,volume,condiments,,,
paleo tamari,volume,condiments,,,
pancetta,weight,meat,,,
panko,volume,baking,,,
panko breadcumbs,volume,baking,,,
paprika,volume,baking,,,
parchment paper,each,baking,,,
parmesan,weight,dairy,,,
parsley,volume,produce,,,
parsley,weight,produce,,,
parsnips,weight,produce,,,
parsnips,each,produce,,,
peaches,weight,produce,,,
peaches,each,produce,,,
peanut butter,weight,other,,,
peanut butter,volume,other,,,
pear,weight,produce,,,
pear,each,produce,,,
pearl onions,volume,condiments,,,
peas,weight,frozen,,,
peas,volume,frozen,,,
pecans,weight,other,,,
pecans,volume,other,,,
penne pasta,weight,other,,,
pepper,volume,baking,,,
pepperoncinis,volume,condiments,,,
pepperoncinis,weight,condiments,,,
pepperoni,weight,meat,,,
pickles,volume,condiments,,,
pickles,weight,condiments,,,
pickling cucumbers,each,produce,,,
pickling cucumbers,weight,produce,,,
pickling spice,volume,baking,,,
pie crust,each,frozen,,,
pine nuts,weight,other,,,
pine nuts,volume,other,,,
pineapple,weight,produce,,1,
pineapple,each,produce,,1,
pinot noir,volume,other,,,
pinto beans,volume,canned,,,
pistachios,volume,other,,,
pistachios,weight,other,,,
pizza crust,each,other,,,
poached eggs,each,dairy,,,
poblano,weight,produce,,,
poblano,each,produce,,,
poblano peppers,weight,produce,,,
poblano peppers,each,produce,,,
poblanos,weight,produce,,,
poblanos,each,produce,,,
polenta (not instant),volume,other,,,
pomegranate juice,volume,other,,,
pomegranate seeds,volume,produce,,,
pork,weight,meat,,,
pork chops,weight,meat,,,
pork loin,weight,meat,,,
pork shoulder,weight,meat,,,
portabella caps,weight,produce,,1,
potatoes,volume,produce,,,
potatoes,weight,produce,,,
powdered fruit pectin,weight,baking,,,
prepared pizza dough,weight,other,,,
prosciutto,weight,meat,,,
puff pastry sheet,each,frozen,,,
pumpernickle bread,weight,bakery,,,
quick-cook oats,volume,other,,,
quinoa,weight,other,,,
quinoa,volume,other,,,
radicchio,weight,produce,,,
radishes,weight,produce,,,
raisins,volume,other,,,
raisins,weight,other,,,
ramen noodles,weight,other,,,
ranch seasoning,volume,other,,,
red beans,volume,canned,,,
red beets,weight,produce,,,
red bell pepper,weight,produce,,,
red bell pepper,each,produce,,,
red bell peppers,weight,produce,,,
red bell peppers,each,produce,,,
red cabbage,weight,produce,,,
red curry paste,volume,other,,,
red onion,weight,produce,,,
red onion,each,produce,,,
red onion (small),each,produce,,,
red onions,weight,produce,,,
red onions,each,produce,,,
red pepper,each,produce,,,
red pepper,weight,produce,,,
red pepper flake,volume,baking,,,
red pepper flakes,volume,baking,,,
red potatoes,weight,produce,,,
red wine,volume,other,,,
red wine vinegar,volume,condiments,,,
refried beans,volume,canned,,,
relish,volume,condiments,,,
rice,volume,other,,,
rice,weight,other,,,
rice noodles,weight,other,,,
rice pasta,weight,other,,,
rice vinegar,volume,condiments,,,
rice vinegar (unseasoned),volume,condiments,,,
rice wine vinegar,volume,condiments,,,
ricotta,volume,dairy,,,
ricotta,weight,dairy,,,
roasted red pepper,weight,condiments,,,
roasted red pepper,volume,condiments,,,
roasted red peppers,volume,condiments,,,
roasted red peppers,weight,condiments,,,
rosemary,volume,baking,,,
rutabaga,weight,produce,,,
rutabagas,weight,produce,,,
saffron threads,each,baking,,,
sage,volume,baking,,,
salami,weight,meat,,,
salmon,weight,seafood,,,
salmon fillet,weight,seafood,,,
salsa verde,volume,other,,,
salsa verde (green salsa),volume,other,,,
salt,volume,baking,,,
salt and pepper,volume,baking,,,
sambal,volume,condiments,,,
sambal oelek,volume,condiments,,,
saurkraut,volume,other,,,
scallion,weight,produce,,,
scallions,weight,produce,,,
serrano,each,produce,,,
serrano chile,each,produce,,,
sesame oil,volume,condiments,,,
sesame seeds,volume,baking,,,
shallot,each,produce,,,
shallots,each,produce,,,
shredded coconut,volume,other,,,
shredded coconut,weight,other,,,
shrimp,weight,seafood,,1,
sichuan pepper,volume,baking,,,
sirloin/stew meat,weight,meat,,,
skirt steak,weight,meat,,,
slider buns,each,bakery,,,
smoked gouda,weight,dairy,,,
smoked salmon,weight,seafood,,,
soba noodles,weight,other,,,
sour cream,volume,dairy,,,
sour cream (paleo),volume,condiments,,,
soy sauce,volume,condiments,,,
spaghetti,weight,other,,,
spaghetti squash,weight,produce,,1,
spaghetti squash,each,produce,,1,
spicy italian sausage,weight,meat,,,
spinach,volume,produce,,,
spinach,weight,produce,,,
spring lettuce mix,weight,produce,,,
spring lettuce mix,volume,produce,,,
strawberries,weight,produce,,,
sugar,volume,baking,,,
sugar,weight,baking,,,
sundried tomato pesto,volume,condiments,,,
sundried tomatoes,weight,other,,,
sun-dried tomatoes,weight,other,,,
sunflower seeds,weight,other,,,
sunflower seeds,volume,other,,,
sweet cherry peppers,each,produce,,,
sweet cherry peppers,weight,produce,,,
sweet potato,weight,produce,,,
sweet potato,each,produce,,,
sweet potatoes,each,produce,,,
sweet potatoes,weight,produce,,,
swiss,weight,dairy,,,
swiss cheese,weight,dairy,,,
taco seasoning,volume,other,,,
tahini,volume,other,,,
tamari,volume,other,,,
tapioca flour,volume,baking,,,
tapioca flour,weight,baking,,,
tart cherries,weight,other,,,
thousand island dressing,volume,condiments,,,
thyme,volume,produce,,,
thyme leaves,volume,produce,,,
thyme sprig,each,produce,,,
thyme sprigs,each,produce,,,
tomatillos,volume,canned,,,
tomato,each,produce,,,
tomato,weight,produce,,,
tomato paste,volume,canned,,,
tomato salsa,volume,other,,,
tomatoes,weight,produce,,,
tomatoes,each,produce,,,
tortilla chips,weight,other,,,
tuna,weight,seafood,,,
turkey,weight,meat,,,
turmeric,volume,baking,,,
turmeric,weight,produce,,,
unflavored gelatin,weight,baking,,,
vanilla,volume,baking,,,
vanilla bean,each,baking,,,
vanilla bean ice cream,volume,frozen,,,
vanilla extract,volume,baking,,,
vanilla powder,volume,baking,,,
veal stock,volume,canned,,,
vegetable oil,volume,baking,,,
vegetable stock,volume,canned,,1,
vinegar,volume,condiments,,,
walnut halves,volume,other,,,
walnut halves,weight,other,,,
walnut pieces,weight,other,,,
walnut pieces,volume,other,,,
walnuts,weight,other,,,
walnuts,volume,other,,,
warm water,volume,other,,,
wasabi paste,volume,other,,,
wasabi powder,volume,other,,,
water,volume,other,,,
watermelon,each,produce,,1,
watermelon,weight,produce,,1,
white balsamic vinegar,volume,condiments,,,
white chocolate,weight,baking,,,
white corn tortillas,each,other,,,
white vinegar,volume,condiments,,,
white wine,volume,other,,,
white wine vinegar,volume,condiments,,,
whole button mushrooms,weight,produce,,1,
whole wheat flour,volume,baking,,,
whole wheat flour,weight,baking,,,
wonton wrappers,each,other,,,
worcestershire sauce,volume,condiments,,,
yellow onion,weight,produce,,1,
yellow onion,each,produce,,1,
yellow onions,weight,produce,,1,
yellow onions,each,produce,,1,
yellow squash,weight,produce,,,
yellow squash,each,produce,,,
yellowfin tuna,weight,seafood,,,
yogurt,volume,dairy,,,
yukon gold potatoes,weight,produce,,,
zucchini,each,produce,,,
zucchini,weight,produce,,,
